行號,項目,類別,"日校考生應考最少五科
甲類學科／乙類學科 - 男生","日校考生應考最少五科
甲類學科／乙類學科 - 女生","日校考生應考最少五科
甲類學科／乙類學科 - 總數","全體考生應考最少五科
甲類學科／乙類學科 - 男生","全體考生應考最少五科
甲類學科／乙類學科 - 女生","全體考生應考最少五科
甲類學科／乙類學科 - 總數",,,,,,,
1,考生人數,人數,24378,24755,49133,25329,25491,50820,,,,,,,
2,於四個核心科目中取得2級或以上,人數,15791,18503,34294,16161,18760,34921,,,,,,,
3,於四個核心科目中取得2級或以上,百分比,64.8%,74.7%,69.8%,63.8%,73.6%,68.7%,,,,,,,
4,於五科甲類學科中取得2級或以上,人數,17700,19954,37654,18217,20295,38512,,,,,,,
5,於五科甲類學科中取得2級或以上,百分比,72.6%,80.6%,76.6%,71.9%,79.6%,75.8%,,,,,,,
6,於五科甲類學科／乙類學科# 中取得2級或以上,人數,17748,20035,37783,18265,20377,38642,,,,,,,
7,於五科甲類學科／乙類學科# 中取得2級或以上,百分比,72.8%,80.9%,76.9%,72.1%,79.9%,76.0%,,,,,,,
8,"於五科甲類學科中取得2級或以上，
其中包括中國語文科及英國語文科",人數,16040,18953,34993,16449,19230,35679,,,,,,,
9,"於五科甲類學科中取得2級或以上，
其中包括中國語文科及英國語文科",百分比,65.8%,76.6%,71.2%,64.9%,75.4%,70.2%,,,,,,,
10,"於五科甲類學科／乙類學科# 中取得2級或以上，
其中包括中國語文科及英國語文科",人數,16054,18993,35047,16463,19270,35733,,,,,,,
11,"於五科甲類學科／乙類學科# 中取得2級或以上，
其中包括中國語文科及英國語文科",百分比,65.9%,76.7%,71.3%,65.0%,75.6%,70.3%,,,,,,,
12,"於五科甲類學科中取得2級或以上，
其中包括中國語文科、英國語文科及數學科",人數,15733,18323,34056,16129,18583,34712,,,,,,,
13,"於五科甲類學科中取得2級或以上，
其中包括中國語文科、英國語文科及數學科",百分比,64.5%,74.0%,69.3%,63.7%,72.9%,68.3%,,,,,,,
14,"於五科甲類學科／乙類學科# 中取得2級或以上，
其中包括中國語文科、英國語文科及數學科",人數,15738,18345,34083,16134,18605,34739,,,,,,,
15,"於五科甲類學科／乙類學科# 中取得2級或以上，
其中包括中國語文科、英國語文科及數學科",百分比,64.6%,74.1%,69.4%,63.7%,73.0%,68.4%,,,,,,,
