行號,科目,性別,類別,報考人數,出席人數,表現 - a,表現 - b+,表現 - c+,表現 - d+,表現 - e+,表現 - U
1,法語,男生,人數,16,14,2,4,5,8,10,4
2,法語,男生,百分比,,,14.3%,28.6%,35.7%,57.1%,71.4%,28.6%
3,法語,女生,人數,20,19,6,9,11,13,16,3
4,法語,女生,百分比,,,31.6%,47.4%,57.9%,68.4%,84.2%,15.8%
5,法語,總數,人數,36,33,8,13,16,21,26,7
6,法語,總數,百分比,,,24.2%,39.4%,48.5%,63.6%,78.8%,21.2%
7,德語,男生,人數,3,3,1,1,2,3,3,0
8,德語,男生,百分比,,,33.3%,33.3%,66.7%,100.0%,100.0%,0.0%
9,德語,女生,人數,2,2,2,2,2,2,2,0
10,德語,女生,百分比,,,100.0%,100.0%,100.0%,100.0%,100.0%,0.0%
11,德語,總數,人數,5,5,3,3,4,5,5,0
12,德語,總數,百分比,,,60.0%,60.0%,80.0%,100.0%,100.0%,0.0%
13,印地語,男生,人數,3,2,0,0,0,0,0,2
14,印地語,男生,百分比,,,0.0%,0.0%,0.0%,0.0%,0.0%,100.0%
15,印地語,女生,人數,10,10,0,2,5,6,7,3
16,印地語,女生,百分比,,,0.0%,20.0%,50.0%,60.0%,70.0%,30.0%
17,印地語,總數,人數,13,12,0,2,5,6,7,5
18,印地語,總數,百分比,,,0.0%,16.7%,41.7%,50.0%,58.3%,41.7%
19,日語,男生,人數,303,262,105,144,184,211,231,31
20,日語,男生,百分比,,,40.1%,55.0%,70.2%,80.5%,88.2%,11.8%
21,日語,女生,人數,416,375,160,237,280,307,334,41
22,日語,女生,百分比,,,42.7%,63.2%,74.7%,81.9%,89.1%,10.9%
23,日語,總數,人數,719,637,265,381,464,518,565,72
24,日語,總數,百分比,,,41.6%,59.8%,72.8%,81.3%,88.7%,11.3%
25,西班牙語,男生,人數,14,10,5,7,8,9,10,0
26,西班牙語,男生,百分比,,,50.0%,70.0%,80.0%,90.0%,100.0%,0.0%
27,西班牙語,女生,人數,18,14,2,3,6,8,12,2
28,西班牙語,女生,百分比,,,14.3%,21.4%,42.9%,57.1%,85.7%,14.3%
29,西班牙語,總數,人數,32,24,7,10,14,17,22,2
30,西班牙語,總數,百分比,,,29.2%,41.7%,58.3%,70.8%,91.7%,8.3%
31,烏爾都語,男生,人數,43,38,11,15,20,23,27,11
32,烏爾都語,男生,百分比,,,28.9%,39.5%,52.6%,60.5%,71.1%,28.9%
33,烏爾都語,女生,人數,40,37,19,22,26,28,31,6
34,烏爾都語,女生,百分比,,,51.4%,59.5%,70.3%,75.7%,83.8%,16.2%
35,烏爾都語,總數,人數,83,75,30,37,46,51,58,17
36,烏爾都語,總數,百分比,,,40.0%,49.3%,61.3%,68.0%,77.3%,22.7%
37,所有丙類學科,男生,人數,382,329,124,171,219,254,281,48
38,所有丙類學科,男生,百分比,,,37.7%,52.0%,66.6%,77.2%,85.4%,14.6%
39,所有丙類學科,女生,人數,506,457,189,275,330,364,402,55
40,所有丙類學科,女生,百分比,,,41.4%,60.2%,72.2%,79.6%,88.0%,12.0%
41,所有丙類學科,總數,人數,888,786,313,446,549,618,683,103
42,所有丙類學科,總數,百分比,,,39.8%,56.7%,69.8%,78.6%,86.9%,13.1%
